dataset,target_attr,tau,rho,zone_size,num_edges_after_tau,mask,mask_size,leakage,active_edges,blocked_edges,num_chains,active_chains,blocked_chains
hospital,EmergencyService,1.0,0.9,5,4,{},0,0.3993441740275051,4,0,2,2,0
hospital,EmergencyService,1.0,0.9,5,4,{Condition},1,0.2320160080040019,3,1,1,1,0
hospital,EmergencyService,1.0,0.9,5,4,{HospitalOwner},1,0.2320160080040019,3,1,1,1,0
hospital,EmergencyService,1.0,0.9,5,4,{HospitalType},1,0.23963879999707816,3,1,2,1,1
hospital,EmergencyService,1.0,0.9,5,4,{Sample},1,0.21787975760876943,3,1,1,1,0
hospital,EmergencyService,1.0,0.9,5,4,{State},1,0.3993441740275051,4,0,2,2,0
hospital,EmergencyService,1.0,0.9,5,4,"{Condition,HospitalOwner}",2,0.2320160080040019,3,1,1,1,0
hospital,EmergencyService,1.0,0.9,5,4,"{Condition,HospitalType}",2,0.034626364798773124,1,3,3,0,3
hospital,EmergencyService,1.0,0.9,5,4,"{Condition,Sample}",2,0.0,1,3,0,0,0
hospital,EmergencyService,1.0,0.9,5,4,"{Condition,State}",2,0.2320160080040019,3,1,1,1,0
hospital,EmergencyService,1.0,0.9,5,4,"{HospitalOwner,HospitalType}",2,0.05714281373550856,2,2,2,0,2
hospital,EmergencyService,1.0,0.9,5,4,"{HospitalOwner,Sample}",2,0.030161335088292218,2,2,1,0,1
hospital,EmergencyService,1.0,0.9,5,4,"{HospitalOwner,State}",2,0.2320160080040019,3,1,1,1,0
hospital,EmergencyService,1.0,0.9,5,4,"{HospitalType,Sample}",2,0.22070836316198117,2,2,2,1,1
hospital,EmergencyService,1.0,0.9,5,4,"{HospitalType,State}",2,0.21787975760876943,2,2,1,1,0
hospital,EmergencyService,1.0,0.9,5,4,"{Sample,State}",2,0.21787975760876943,3,1,1,1,0
hospital,EmergencyService,1.0,0.9,5,4,"{Condition,HospitalOwner,HospitalType}",3,0.03133655562529758,1,3,2,0,2
hospital,EmergencyService,1.0,0.9,5,4,"{Condition,HospitalOwner,Sample}",3,0.0,1,3,0,0,0
hospital,EmergencyService,1.0,0.9,5,4,"{Condition,HospitalOwner,State}",3,0.2320160080040019,3,1,1,1,0
hospital,EmergencyService,1.0,0.9,5,4,"{Condition,HospitalType,Sample}",3,0.0,1,3,0,0,0
hospital,EmergencyService,1.0,0.9,5,4,"{Condition,HospitalType,State}",3,0.0,0,4,0,0,0
hospital,EmergencyService,1.0,0.9,5,4,"{Condition,Sample,State}",3,0.0,1,3,0,0,0
hospital,EmergencyService,1.0,0.9,5,4,"{HospitalOwner,HospitalType,Sample}",3,0.0036165865552381105,1,3,1,0,1
hospital,EmergencyService,1.0,0.9,5,4,"{HospitalOwner,HospitalType,State}",3,0.033668840564561986,1,3,2,0,2
hospital,EmergencyService,1.0,0.9,5,4,"{HospitalOwner,Sample,State}",3,0.030161335088292218,2,2,1,0,1
hospital,EmergencyService,1.0,0.9,5,4,"{HospitalType,Sample,State}",3,0.21787975760876943,1,3,1,1,0
hospital,EmergencyService,1.0,0.9,5,4,"{Condition,HospitalOwner,HospitalType,Sample}",4,0.0,1,3,0,0,0
hospital,EmergencyService,1.0,0.9,5,4,"{Condition,HospitalOwner,HospitalType,State}",4,0.0,0,4,0,0,0
hospital,EmergencyService,1.0,0.9,5,4,"{Condition,HospitalOwner,Sample,State}",4,0.0,1,3,0,0,0
hospital,EmergencyService,1.0,0.9,5,4,"{Condition,HospitalType,Sample,State}",4,0.0,0,4,0,0,0
hospital,EmergencyService,1.0,0.9,5,4,"{HospitalOwner,HospitalType,Sample,State}",4,0.0,0,4,0,0,0
hospital,EmergencyService,1.0,0.9,5,4,"{Condition,HospitalOwner,HospitalType,Sample,State}",5,0.0,0,4,0,0,0
adult,education,1.0,0.9,10,60,{},0,0.999879630627986,60,0,13,13,0
adult,education,1.0,0.9,10,60,{age},1,0.999879630627986,60,0,13,13,0
adult,education,1.0,0.9,10,60,{class},1,0.9996509292834277,57,3,10,10,0
adult,education,1.0,0.9,10,60,{education_num},1,0.999879630627986,60,0,13,13,0
adult,education,1.0,0.9,10,60,{hours_per_week},1,0.9976428786252994,55,5,8,8,0
adult,education,1.0,0.9,10,60,{marital_status},1,0.9426406495922112,50,10,13,3,10
adult,education,1.0,0.9,10,60,{occupation},1,0.999879630627986,60,0,13,13,0
adult,education,1.0,0.9,10,60,{race},1,0.999879630627986,60,0,13,13,0
adult,education,1.0,0.9,10,60,{relationship},1,0.5048386301737373,49,11,2,2,0
adult,education,1.0,0.9,10,60,{sex},1,0.9983075583584777,56,4,9,9,0
adult,education,1.0,0.9,10,60,{workclass},1,0.9990545924531226,57,3,10,10,0
adult,education,1.0,0.9,10,60,"{age,class}",2,0.9996509292834277,57,3,10,10,0
adult,education,1.0,0.9,10,60,"{age,education_num}",2,0.999879630627986,60,0,13,13,0
adult,education,1.0,0.9,10,60,"{age,hours_per_week}",2,0.9976428786252994,55,5,8,8,0
adult,education,1.0,0.9,10,60,"{age,marital_status}",2,0.6653759306344309,46,14,3,3,0
adult,education,1.0,0.9,10,60,"{age,occupation}",2,0.999879630627986,60,0,13,13,0
adult,education,1.0,0.9,10,60,"{age,race}",2,0.999879630627986,60,0,13,13,0
adult,education,1.0,0.9,10,60,"{age,relationship}",2,0.5048386301737373,47,13,2,2,0
adult,education,1.0,0.9,10,60,"{age,sex}",2,0.9983075583584777,54,6,9,9,0
adult,education,1.0,0.9,10,60,"{age,workclass}",2,0.9990545924531226,56,4,10,10,0
adult,education,1.0,0.9,10,60,"{class,education_num}",2,0.9996509292834277,55,5,10,10,0
adult,education,1.0,0.9,10,60,"{class,hours_per_week}",2,0.9967218537248975,52,8,7,7,0
adult,education,1.0,0.9,10,60,"{class,marital_status}",2,0.9985546303491661,46,14,67,1,66
adult,education,1.0,0.9,10,60,"{class,occupation}",2,0.9996509292834277,57,3,10,10,0
adult,education,1.0,0.9,10,60,"{class,race}",2,0.9996509292834277,57,3,10,10,0
adult,education,1.0,0.9,10,60,"{class,relationship}",2,0.2879955435892674,46,14,1,1,0
adult,education,1.0,0.9,10,60,"{class,sex}",2,0.9950919257392631,53,7,6,6,0
adult,education,1.0,0.9,10,60,"{class,workclass}",2,0.9980286210938978,55,5,8,8,0
adult,education,1.0,0.9,10,60,"{education_num,hours_per_week}",2,0.9976428786252994,50,10,8,8,0
adult,education,1.0,0.9,10,60,"{education_num,marital_status}",2,0.9999927837175119,40,20,113,3,110
adult,education,1.0,0.9,10,60,"{education_num,occupation}",2,0.999879630627986,60,0,13,13,0
adult,education,1.0,0.9,10,60,"{education_num,race}",2,0.999879630627986,60,0,13,13,0
adult,education,1.0,0.9,10,60,"{education_num,relationship}",2,0.5048386301737373,39,21,2,2,0
adult,education,1.0,0.9,10,60,"{education_num,sex}",2,0.9983075583584777,52,8,9,9,0
adult,education,1.0,0.9,10,60,"{education_num,workclass}",2,0.9990545924531226,55,5,10,10,0
adult,education,1.0,0.9,10,60,"{hours_per_week,marital_status}",2,0.9999985017419659,37,23,140,2,138
adult,education,1.0,0.9,10,60,"{hours_per_week,occupation}",2,0.9976428786252994,55,5,8,8,0
adult,education,1.0,0.9,10,60,"{hours_per_week,race}",2,0.9976428786252994,55,5,8,8,0
adult,education,1.0,0.9,10,60,"{hours_per_week,relationship}",2,1.0,34,26,5298,0,5298
adult,education,1.0,0.9,10,60,"{hours_per_week,sex}",2,0.9764026971904778,45,15,5,5,0
adult,education,1.0,0.9,10,60,"{hours_per_week,workclass}",2,0.9814866498074863,48,12,5,5,0
adult,education,1.0,0.9,10,60,"{marital_status,occupation}",2,0.9981368282839443,46,14,53,3,50
adult,education,1.0,0.9,10,60,"{marital_status,race}",2,0.9872050962783807,48,12,33,3,30
adult,education,1.0,0.9,10,60,"{marital_status,relationship}",2,1.0,14,46,6042,0,6042
adult,education,1.0,0.9,10,60,"{marital_status,sex}",2,0.9999999416061542,33,27,185,2,183
adult,education,1.0,0.9,10,60,"{marital_status,workclass}",2,0.9999985943736571,37,23,142,2,140
adult,education,1.0,0.9,10,60,"{occupation,race}",2,0.999879630627986,60,0,13,13,0
adult,education,1.0,0.9,10,60,"{occupation,relationship}",2,0.5048386301737373,45,15,2,2,0
adult,education,1.0,0.9,10,60,"{occupation,sex}",2,0.9983075583584777,53,7,9,9,0
adult,education,1.0,0.9,10,60,"{occupation,workclass}",2,0.9990545924531226,57,3,10,10,0
adult,education,1.0,0.9,10,60,"{race,relationship}",2,0.5048386301737373,47,13,2,2,0
adult,education,1.0,0.9,10,60,"{race,sex}",2,0.9983075583584777,56,4,9,9,0
adult,education,1.0,0.9,10,60,"{race,workclass}",2,0.9990545924531226,56,4,10,10,0
adult,education,1.0,0.9,10,60,"{relationship,sex}",2,0.3045529906899629,28,32,1,1,0
adult,education,1.0,0.9,10,60,"{relationship,workclass}",2,0.5048386301737373,36,24,2,2,0
adult,education,1.0,0.9,10,60,"{sex,workclass}",2,0.9867071907597995,47,13,6,6,0
adult,education,1.0,0.9,10,60,"{age,class,education_num}",3,0.9996509292834277,55,5,10,10,0
adult,education,1.0,0.9,10,60,"{age,class,hours_per_week}",3,0.9967218537248975,52,8,7,7,0
adult,education,1.0,0.9,10,60,"{age,class,marital_status}",3,0.3251322996936217,42,18,1,1,0
adult,education,1.0,0.9,10,60,"{age,class,occupation}",3,0.9996509292834277,57,3,10,10,0
adult,education,1.0,0.9,10,60,"{age,class,race}",3,0.9996509292834277,57,3,10,10,0
adult,education,1.0,0.9,10,60,"{age,class,relationship}",3,0.2879955435892674,44,16,1,1,0
adult,education,1.0,0.9,10,60,"{age,class,sex}",3,0.9950919257392631,51,9,6,6,0
adult,education,1.0,0.9,10,60,"{age,class,workclass}",3,0.9980286210938978,54,6,8,8,0
adult,education,1.0,0.9,10,60,"{age,education_num,hours_per_week}",3,0.9976428786252994,50,10,8,8,0
adult,education,1.0,0.9,10,60,"{age,education_num,marital_status}",3,0.6653759306344309,36,24,3,3,0
adult,education,1.0,0.9,10,60,"{age,education_num,occupation}",3,0.999879630627986,60,0,13,13,0
adult,education,1.0,0.9,10,60,"{age,education_num,race}",3,0.999879630627986,60,0,13,13,0
adult,education,1.0,0.9,10,60,"{age,education_num,relationship}",3,0.5048386301737373,37,23,2,2,0
adult,education,1.0,0.9,10,60,"{age,education_num,sex}",3,0.9983075583584777,50,10,9,9,0
adult,education,1.0,0.9,10,60,"{age,education_num,workclass}",3,0.9990545924531226,54,6,10,10,0
adult,education,1.0,0.9,10,60,"{age,hours_per_week,marital_status}",3,0.5147424953032316,33,27,2,2,0
adult,education,1.0,0.9,10,60,"{age,hours_per_week,occupation}",3,0.9976428786252994,55,5,8,8,0
adult,education,1.0,0.9,10,60,"{age,hours_per_week,race}",3,0.9976428786252994,55,5,8,8,0
adult,education,1.0,0.9,10,60,"{age,hours_per_week,relationship}",3,1.0,32,28,24674,0,24674
adult,education,1.0,0.9,10,60,"{age,hours_per_week,sex}",3,0.9764026971904778,43,17,5,5,0
adult,education,1.0,0.9,10,60,"{age,hours_per_week,workclass}",3,0.9814866498074863,47,13,5,5,0
adult,education,1.0,0.9,10,60,"{age,marital_status,occupation}",3,0.6653759306344309,42,18,3,3,0
adult,education,1.0,0.9,10,60,"{age,marital_status,race}",3,0.6653759306344309,44,16,3,3,0
adult,education,1.0,0.9,10,60,"{age,marital_status,relationship}",3,1.0,10,50,32280,0,32280
adult,education,1.0,0.9,10,60,"{age,marital_status,sex}",3,0.5041634542390228,29,31,2,2,0
adult,education,1.0,0.9,10,60,"{age,marital_status,workclass}",3,0.5346244540802718,34,26,2,2,0
adult,education,1.0,0.9,10,60,"{age,occupation,race}",3,0.999879630627986,60,0,13,13,0
adult,education,1.0,0.9,10,60,"{age,occupation,relationship}",3,0.5048386301737373,43,17,2,2,0
adult,education,1.0,0.9,10,60,"{age,occupation,sex}",3,0.9983075583584777,51,9,9,9,0
adult,education,1.0,0.9,10,60,"{age,occupation,workclass}",3,0.9990545924531226,56,4,10,10,0
adult,education,1.0,0.9,10,60,"{age,race,relationship}",3,0.5048386301737373,45,15,2,2,0
adult,education,1.0,0.9,10,60,"{age,race,sex}",3,0.9983075583584777,54,6,9,9,0
adult,education,1.0,0.9,10,60,"{age,race,workclass}",3,0.9990545924531226,55,5,10,10,0
adult,education,1.0,0.9,10,60,"{age,relationship,sex}",3,0.3045529906899629,26,34,1,1,0
adult,education,1.0,0.9,10,60,"{age,relationship,workclass}",3,0.5048386301737373,33,27,2,2,0
adult,education,1.0,0.9,10,60,"{age,sex,workclass}",3,0.9867071907597995,44,16,6,6,0
adult,education,1.0,0.9,10,60,"{class,education_num,hours_per_week}",3,0.9967218537248975,49,11,7,7,0
adult,education,1.0,0.9,10,60,"{class,education_num,marital_status}",3,1.0,36,24,1117,1,1116
adult,education,1.0,0.9,10,60,"{class,education_num,occupation}",3,0.9996509292834277,55,5,10,10,0
adult,education,1.0,0.9,10,60,"{class,education_num,race}",3,0.9996509292834277,55,5,10,10,0
adult,education,1.0,0.9,10,60,"{class,education_num,relationship}",3,0.2879955435892674,36,24,1,1,0
adult,education,1.0,0.9,10,60,"{class,education_num,sex}",3,0.9950919257392631,47,13,6,6,0
adult,education,1.0,0.9,10,60,"{class,education_num,workclass}",3,0.9980286210938978,51,9,8,8,0
adult,education,1.0,0.9,10,60,"{class,hours_per_week,marital_status}",3,1.0,34,26,1329,1,1328
adult,education,1.0,0.9,10,60,"{class,hours_per_week,occupation}",3,0.9967218537248975,52,8,7,7,0
adult,education,1.0,0.9,10,60,"{class,hours_per_week,race}",3,0.9967218537248975,52,8,7,7,0
adult,education,1.0,0.9,10,60,"{class,hours_per_week,relationship}",3,1.0,32,28,21968,0,21968
adult,education,1.0,0.9,10,60,"{class,hours_per_week,sex}",3,0.9671822541097084,42,18,4,4,0
adult,education,1.0,0.9,10,60,"{class,hours_per_week,workclass}",3,0.9814866498074863,46,14,5,5,0
adult,education,1.0,0.9,10,60,"{class,marital_status,occupation}",3,0.9999999999686441,42,18,523,1,522
adult,education,1.0,0.9,10,60,"{class,marital_status,race}",3,0.9999993774358351,44,16,295,1,294
adult,education,1.0,0.9,10,60,"{class,marital_status,relationship}",3,1.0,12,48,24163,0,24163
adult,education,1.0,0.9,10,60,"{class,marital_status,sex}",3,1.0,29,31,25811,0,25811
adult,education,1.0,0.9,10,60,"{class,marital_status,workclass}",3,0.9999999999999198,34,26,710,1,709
adult,education,1.0,0.9,10,60,"{class,occupation,race}",3,0.9996509292834277,57,3,10,10,0
adult,education,1.0,0.9,10,60,"{class,occupation,relationship}",3,0.2879955435892674,42,18,1,1,0
adult,education,1.0,0.9,10,60,"{class,occupation,sex}",3,0.9950919257392631,50,10,6,6,0
adult,education,1.0,0.9,10,60,"{class,occupation,workclass}",3,0.9980286210938978,55,5,8,8,0
adult,education,1.0,0.9,10,60,"{class,race,relationship}",3,0.2879955435892674,44,16,1,1,0
adult,education,1.0,0.9,10,60,"{class,race,sex}",3,0.9950919257392631,53,7,6,6,0
adult,education,1.0,0.9,10,60,"{class,race,workclass}",3,0.9980286210938978,54,6,8,8,0
adult,education,1.0,0.9,10,60,"{class,relationship,sex}",3,1.0,25,35,26718,0,26718
adult,education,1.0,0.9,10,60,"{class,relationship,workclass}",3,0.2879955435892674,33,27,1,1,0
adult,education,1.0,0.9,10,60,"{class,sex,workclass}",3,0.972281622009974,45,15,4,4,0
adult,education,1.0,0.9,10,60,"{education_num,hours_per_week,marital_status}",3,1.0,30,30,1958,2,1956
adult,education,1.0,0.9,10,60,"{education_num,hours_per_week,occupation}",3,0.9976428786252994,50,10,8,8,0
adult,education,1.0,0.9,10,60,"{education_num,hours_per_week,race}",3,0.9976428786252994,50,10,8,8,0
adult,education,1.0,0.9,10,60,"{education_num,hours_per_week,relationship}",3,1.0,25,35,65499,0,65499
adult,education,1.0,0.9,10,60,"{education_num,hours_per_week,sex}",3,0.9764026971904778,38,22,5,5,0
adult,education,1.0,0.9,10,60,"{education_num,hours_per_week,workclass}",3,0.9814866498074863,41,19,5,5,0
adult,education,1.0,0.9,10,60,"{education_num,marital_status,occupation}",3,1.0,36,24,953,3,950
adult,education,1.0,0.9,10,60,"{education_num,marital_status,race}",3,0.9999999999997452,38,22,533,3,530
adult,education,1.0,0.9,10,60,"{education_num,marital_status,relationship}",3,1.0,10,50,51428,0,51428
adult,education,1.0,0.9,10,60,"{education_num,marital_status,sex}",3,1.0,25,35,3083,2,3081
adult,education,1.0,0.9,10,60,"{education_num,marital_status,workclass}",3,1.0,29,31,2340,2,2338
adult,education,1.0,0.9,10,60,"{education_num,occupation,race}",3,0.999879630627986,60,0,13,13,0
adult,education,1.0,0.9,10,60,"{education_num,occupation,relationship}",3,0.5048386301737373,35,25,2,2,0
adult,education,1.0,0.9,10,60,"{education_num,occupation,sex}",3,0.9983075583584777,49,11,9,9,0
adult,education,1.0,0.9,10,60,"{education_num,occupation,workclass}",3,0.9990545924531226,55,5,10,10,0
adult,education,1.0,0.9,10,60,"{education_num,race,relationship}",3,0.5048386301737373,37,23,2,2,0
adult,education,1.0,0.9,10,60,"{education_num,race,sex}",3,0.9983075583584777,52,8,9,9,0
adult,education,1.0,0.9,10,60,"{education_num,race,workclass}",3,0.9990545924531226,54,6,10,10,0
adult,education,1.0,0.9,10,60,"{education_num,relationship,sex}",3,0.3045529906899629,20,40,1,1,0
adult,education,1.0,0.9,10,60,"{education_num,relationship,workclass}",3,0.5048386301737373,28,32,2,2,0
adult,education,1.0,0.9,10,60,"{education_num,sex,workclass}",3,0.9867071907597995,41,19,6,6,0
adult,education,1.0,0.9,10,60,"{hours_per_week,marital_status,occupation}",3,1.0,33,27,1220,2,1218
adult,education,1.0,0.9,10,60,"{hours_per_week,marital_status,race}",3,0.999999999999999,35,25,680,2,678
adult,education,1.0,0.9,10,60,"{hours_per_week,marital_status,relationship}",3,1.0,9,51,52661,0,52661
adult,education,1.0,0.9,10,60,"{hours_per_week,marital_status,sex}",3,1.0,23,37,3498,1,3497
adult,education,1.0,0.9,10,60,"{hours_per_week,marital_status,workclass}",3,1.0,26,34,2957,1,2956
adult,education,1.0,0.9,10,60,"{hours_per_week,occupation,race}",3,0.9976428786252994,55,5,8,8,0
adult,education,1.0,0.9,10,60,"{hours_per_week,occupation,relationship}",3,1.0,30,30,39866,0,39866
adult,education,1.0,0.9,10,60,"{hours_per_week,occupation,sex}",3,0.9764026971904778,42,18,5,5,0
adult,education,1.0,0.9,10,60,"{hours_per_week,occupation,workclass}",3,0.9814866498074863,48,12,5,5,0
adult,education,1.0,0.9,10,60,"{hours_per_week,race,relationship}",3,1.0,32,28,23612,0,23612
adult,education,1.0,0.9,10,60,"{hours_per_week,race,sex}",3,0.9764026971904778,45,15,5,5,0
adult,education,1.0,0.9,10,60,"{hours_per_week,race,workclass}",3,0.9814866498074863,47,13,5,5,0
adult,education,1.0,0.9,10,60,"{hours_per_week,relationship,sex}",3,1.0,19,41,73300,0,73300
adult,education,1.0,0.9,10,60,"{hours_per_week,relationship,workclass}",3,1.0,25,35,65790,0,65790
adult,education,1.0,0.9,10,60,"{hours_per_week,sex,workclass}",3,0.8146615888344063,36,24,2,2,0
adult,education,1.0,0.9,10,60,"{marital_status,occupation,race}",3,0.9999989536052569,44,16,233,3,230
adult,education,1.0,0.9,10,60,"{marital_status,occupation,relationship}",3,1.0,12,48,33446,0,33446
adult,education,1.0,0.9,10,60,"{marital_status,occupation,sex}",3,1.0,30,30,1321,2,1319
adult,education,1.0,0.9,10,60,"{marital_status,occupation,workclass}",3,1.0,33,27,1230,2,1228
adult,education,1.0,0.9,10,60,"{marital_status,race,relationship}",3,1.0,14,46,16962,0,16962
adult,education,1.0,0.9,10,60,"{marital_status,race,sex}",3,1.0,31,29,903,2,901
adult,education,1.0,0.9,10,60,"{marital_status,race,workclass}",3,0.9999999999985216,36,24,513,2,511
adult,education,1.0,0.9,10,60,"{marital_status,relationship,sex}",3,1.0,4,56,32640,0,32640
adult,education,1.0,0.9,10,60,"{marital_status,relationship,workclass}",3,1.0,11,49,54111,0,54111
adult,education,1.0,0.9,10,60,"{marital_status,sex,workclass}",3,1.0,22,38,3922,1,3921
adult,education,1.0,0.9,10,60,"{occupation,race,relationship}",3,0.5048386301737373,43,17,2,2,0
adult,education,1.0,0.9,10,60,"{occupation,race,sex}",3,0.9983075583584777,53,7,9,9,0
adult,education,1.0,0.9,10,60,"{occupation,race,workclass}",3,0.9990545924531226,56,4,10,10,0
adult,education,1.0,0.9,10,60,"{occupation,relationship,sex}",3,0.3045529906899629,25,35,1,1,0
adult,education,1.0,0.9,10,60,"{occupation,relationship,workclass}",3,0.5048386301737373,32,28,2,2,0
adult,education,1.0,0.9,10,60,"{occupation,sex,workclass}",3,0.9867071907597995,44,16,6,6,0
adult,education,1.0,0.9,10,60,"{race,relationship,sex}",3,0.3045529906899629,26,34,1,1,0
adult,education,1.0,0.9,10,60,"{race,relationship,workclass}",3,0.5048386301737373,35,25,2,2,0
adult,education,1.0,0.9,10,60,"{race,sex,workclass}",3,0.9867071907597995,46,14,6,6,0
adult,education,1.0,0.9,10,60,"{relationship,sex,workclass}",3,0.3045529906899629,21,39,1,1,0
adult,education,1.0,0.9,10,60,"{age,class,education_num,hours_per_week}",4,0.9967218537248975,49,11,7,7,0
adult,education,1.0,0.9,10,60,"{age,class,education_num,marital_status}",4,0.3251322996936217,32,28,1,1,0
adult,education,1.0,0.9,10,60,"{age,class,education_num,occupation}",4,0.9996509292834277,55,5,10,10,0
adult,education,1.0,0.9,10,60,"{age,class,education_num,race}",4,0.9996509292834277,55,5,10,10,0
adult,education,1.0,0.9,10,60,"{age,class,education_num,relationship}",4,0.2879955435892674,34,26,1,1,0
adult,education,1.0,0.9,10,60,"{age,class,education_num,sex}",4,0.9950919257392631,45,15,6,6,0
adult,education,1.0,0.9,10,60,"{age,class,education_num,workclass}",4,0.9980286210938978,50,10,8,8,0
adult,education,1.0,0.9,10,60,"{age,class,hours_per_week,marital_status}",4,0.3251322996936217,30,30,1,1,0
adult,education,1.0,0.9,10,60,"{age,class,hours_per_week,occupation}",4,0.9967218537248975,52,8,7,7,0
adult,education,1.0,0.9,10,60,"{age,class,hours_per_week,race}",4,0.9967218537248975,52,8,7,7,0
adult,education,1.0,0.9,10,60,"{age,class,hours_per_week,relationship}",4,1.0,30,30,138234,0,138234
adult,education,1.0,0.9,10,60,"{age,class,hours_per_week,sex}",4,0.9671822541097084,40,20,4,4,0
adult,education,1.0,0.9,10,60,"{age,class,hours_per_week,workclass}",4,0.9814866498074863,45,15,5,5,0
adult,education,1.0,0.9,10,60,"{age,class,marital_status,occupation}",4,0.3251322996936217,38,22,1,1,0
adult,education,1.0,0.9,10,60,"{age,class,marital_status,race}",4,0.3251322996936217,40,20,1,1,0
adult,education,1.0,0.9,10,60,"{age,class,marital_status,relationship}",4,1.0,8,52,173190,0,173190
adult,education,1.0,0.9,10,60,"{age,class,marital_status,sex}",4,1.0,25,35,258020,0,258020
adult,education,1.0,0.9,10,60,"{age,class,marital_status,workclass}",4,0.3251322996936217,31,29,1,1,0
adult,education,1.0,0.9,10,60,"{age,class,occupation,race}",4,0.9996509292834277,57,3,10,10,0
adult,education,1.0,0.9,10,60,"{age,class,occupation,relationship}",4,0.2879955435892674,40,20,1,1,0
adult,education,1.0,0.9,10,60,"{age,class,occupation,sex}",4,0.9950919257392631,48,12,6,6,0
adult,education,1.0,0.9,10,60,"{age,class,occupation,workclass}",4,0.9980286210938978,54,6,8,8,0
adult,education,1.0,0.9,10,60,"{age,class,race,relationship}",4,0.2879955435892674,42,18,1,1,0
adult,education,1.0,0.9,10,60,"{age,class,race,sex}",4,0.9950919257392631,51,9,6,6,0
adult,education,1.0,0.9,10,60,"{age,class,race,workclass}",4,0.9980286210938978,53,7,8,8,0
adult,education,1.0,0.9,10,60,"{age,class,relationship,sex}",4,1.0,23,37,162621,0,162621
adult,education,1.0,0.9,10,60,"{age,class,relationship,workclass}",4,0.2879955435892674,30,30,1,1,0
adult,education,1.0,0.9,10,60,"{age,class,sex,workclass}",4,0.972281622009974,42,18,4,4,0
adult,education,1.0,0.9,10,60,"{age,education_num,hours_per_week,marital_status}",4,0.5147424953032316,26,34,2,2,0
adult,education,1.0,0.9,10,60,"{age,education_num,hours_per_week,occupation}",4,0.9976428786252994,50,10,8,8,0
adult,education,1.0,0.9,10,60,"{age,education_num,hours_per_week,race}",4,0.9976428786252994,50,10,8,8,0
adult,education,1.0,0.9,10,60,"{age,education_num,hours_per_week,relationship}",4,1.0,23,37,425865,0,425865
adult,education,1.0,0.9,10,60,"{age,education_num,hours_per_week,sex}",4,0.9764026971904778,36,24,5,5,0
adult,education,1.0,0.9,10,60,"{age,education_num,hours_per_week,workclass}",4,0.9814866498074863,40,20,5,5,0
adult,education,1.0,0.9,10,60,"{age,education_num,marital_status,occupation}",4,0.6653759306344309,32,28,3,3,0
adult,education,1.0,0.9,10,60,"{age,education_num,marital_status,race}",4,0.6653759306344309,34,26,3,3,0
adult,education,1.0,0.9,10,60,"{age,education_num,marital_status,relationship}",4,1.0,6,54,342654,0,342654
adult,education,1.0,0.9,10,60,"{age,education_num,marital_status,sex}",4,0.5041634542390228,21,39,2,2,0
adult,education,1.0,0.9,10,60,"{age,education_num,marital_status,workclass}",4,0.5346244540802718,26,34,2,2,0
adult,education,1.0,0.9,10,60,"{age,education_num,occupation,race}",4,0.999879630627986,60,0,13,13,0
adult,education,1.0,0.9,10,60,"{age,education_num,occupation,relationship}",4,0.5048386301737373,33,27,2,2,0
adult,education,1.0,0.9,10,60,"{age,education_num,occupation,sex}",4,0.9983075583584777,47,13,9,9,0
adult,education,1.0,0.9,10,60,"{age,education_num,occupation,workclass}",4,0.9990545924531226,54,6,10,10,0
adult,education,1.0,0.9,10,60,"{age,education_num,race,relationship}",4,0.5048386301737373,35,25,2,2,0
adult,education,1.0,0.9,10,60,"{age,education_num,race,sex}",4,0.9983075583584777,50,10,9,9,0
adult,education,1.0,0.9,10,60,"{age,education_num,race,workclass}",4,0.9990545924531226,53,7,10,10,0
adult,education,1.0,0.9,10,60,"{age,education_num,relationship,sex}",4,0.3045529906899629,18,42,1,1,0
adult,education,1.0,0.9,10,60,"{age,education_num,relationship,workclass}",4,0.5048386301737373,25,35,2,2,0
adult,education,1.0,0.9,10,60,"{age,education_num,sex,workclass}",4,0.9867071907597995,38,22,6,6,0
adult,education,1.0,0.9,10,60,"{age,hours_per_week,marital_status,occupation}",4,0.5147424953032316,29,31,2,2,0
adult,education,1.0,0.9,10,60,"{age,hours_per_week,marital_status,race}",4,0.5147424953032316,31,29,2,2,0
adult,education,1.0,0.9,10,60,"{age,hours_per_week,marital_status,relationship}",4,1.0,5,55,332022,0,332022
adult,education,1.0,0.9,10,60,"{age,hours_per_week,marital_status,sex}",4,0.28095906134421633,19,41,1,1,0
adult,education,1.0,0.9,10,60,"{age,hours_per_week,marital_status,workclass}",4,0.3251322996936217,23,37,1,1,0
adult,education,1.0,0.9,10,60,"{age,hours_per_week,occupation,race}",4,0.9976428786252994,55,5,8,8,0
adult,education,1.0,0.9,10,60,"{age,hours_per_week,occupation,relationship}",4,1.0,28,32,251466,0,251466
adult,education,1.0,0.9,10,60,"{age,hours_per_week,occupation,sex}",4,0.9764026971904778,40,20,5,5,0
adult,education,1.0,0.9,10,60,"{age,hours_per_week,occupation,workclass}",4,0.9814866498074863,47,13,5,5,0
adult,education,1.0,0.9,10,60,"{age,hours_per_week,race,relationship}",4,1.0,30,30,145956,0,145956
adult,education,1.0,0.9,10,60,"{age,hours_per_week,race,sex}",4,0.9764026971904778,43,17,5,5,0
adult,education,1.0,0.9,10,60,"{age,hours_per_week,race,workclass}",4,0.9814866498074863,46,14,5,5,0
adult,education,1.0,0.9,10,60,"{age,hours_per_week,relationship,sex}",4,1.0,17,43,456358,0,456358
adult,education,1.0,0.9,10,60,"{age,hours_per_week,relationship,workclass}",4,1.0,22,38,505962,0,505962
adult,education,1.0,0.9,10,60,"{age,hours_per_week,sex,workclass}",4,0.8146615888344063,33,27,2,2,0
adult,education,1.0,0.9,10,60,"{age,marital_status,occupation,race}",4,0.6653759306344309,40,20,3,3,0
adult,education,1.0,0.9,10,60,"{age,marital_status,occupation,relationship}",4,1.0,8,52,245886,0,245886
adult,education,1.0,0.9,10,60,"{age,marital_status,occupation,sex}",4,0.5041634542390228,26,34,2,2,0
adult,education,1.0,0.9,10,60,"{age,marital_status,occupation,workclass}",4,0.5346244540802718,30,30,2,2,0
adult,education,1.0,0.9,10,60,"{age,marital_status,race,relationship}",4,1.0,10,50,129780,0,129780
adult,education,1.0,0.9,10,60,"{age,marital_status,race,sex}",4,0.5041634542390228,27,33,2,2,0
adult,education,1.0,0.9,10,60,"{age,marital_status,race,workclass}",4,0.5346244540802718,33,27,2,2,0
adult,education,1.0,0.9,10,60,"{age,marital_status,relationship,sex}",4,1.0,2,58,141131,0,141131
adult,education,1.0,0.9,10,60,"{age,marital_status,relationship,workclass}",4,1.0,8,52,387860,0,387860
adult,education,1.0,0.9,10,60,"{age,marital_status,sex,workclass}",4,0.31041958933809455,19,41,1,1,0
adult,education,1.0,0.9,10,60,"{age,occupation,race,relationship}",4,0.5048386301737373,41,19,2,2,0
adult,education,1.0,0.9,10,60,"{age,occupation,race,sex}",4,0.9983075583584777,51,9,9,9,0
adult,education,1.0,0.9,10,60,"{age,occupation,race,workclass}",4,0.9990545924531226,55,5,10,10,0
adult,education,1.0,0.9,10,60,"{age,occupation,relationship,sex}",4,0.3045529906899629,23,37,1,1,0
adult,education,1.0,0.9,10,60,"{age,occupation,relationship,workclass}",4,0.5048386301737373,29,31,2,2,0
adult,education,1.0,0.9,10,60,"{age,occupation,sex,workclass}",4,0.9867071907597995,41,19,6,6,0
adult,education,1.0,0.9,10,60,"{age,race,relationship,sex}",4,0.3045529906899629,24,36,1,1,0
adult,education,1.0,0.9,10,60,"{age,race,relationship,workclass}",4,0.5048386301737373,32,28,2,2,0
adult,education,1.0,0.9,10,60,"{age,race,sex,workclass}",4,0.9867071907597995,43,17,6,6,0
adult,education,1.0,0.9,10,60,"{age,relationship,sex,workclass}",4,0.3045529906899629,18,42,1,1,0
adult,education,1.0,0.9,10,60,"{class,education_num,hours_per_week,marital_status}",4,1.0,28,32,21183,1,21182
adult,education,1.0,0.9,10,60,"{class,education_num,hours_per_week,occupation}",4,0.9967218537248975,49,11,7,7,0
adult,education,1.0,0.9,10,60,"{class,education_num,hours_per_week,race}",4,0.9967218537248975,49,11,7,7,0
adult,education,1.0,0.9,10,60,"{class,education_num,hours_per_week,relationship}",4,1.0,24,36,314900,0,314900
adult,education,1.0,0.9,10,60,"{class,education_num,hours_per_week,sex}",4,0.9671822541097084,37,23,4,4,0
adult,education,1.0,0.9,10,60,"{class,education_num,hours_per_week,workclass}",4,0.9814866498074863,41,19,5,5,0
adult,education,1.0,0.9,10,60,"{class,education_num,marital_status,occupation}",4,1.0,32,28,13621,1,13620
adult,education,1.0,0.9,10,60,"{class,education_num,marital_status,race}",4,1.0,34,26,7369,1,7368
adult,education,1.0,0.9,10,60,"{class,education_num,marital_status,relationship}",4,1.0,10,50,181326,0,181326
adult,education,1.0,0.9,10,60,"{class,education_num,marital_status,sex}",4,1.0,21,39,389397,0,389397
adult,education,1.0,0.9,10,60,"{class,education_num,marital_status,workclass}",4,1.0,26,34,15456,1,15455
adult,education,1.0,0.9,10,60,"{class,education_num,occupation,race}",4,0.9996509292834277,55,5,10,10,0
adult,education,1.0,0.9,10,60,"{class,education_num,occupation,relationship}",4,0.2879955435892674,32,28,1,1,0
adult,education,1.0,0.9,10,60,"{class,education_num,occupation,sex}",4,0.9950919257392631,44,16,6,6,0
adult,education,1.0,0.9,10,60,"{class,education_num,occupation,workclass}",4,0.9980286210938978,51,9,8,8,0
adult,education,1.0,0.9,10,60,"{class,education_num,race,relationship}",4,0.2879955435892674,34,26,1,1,0
adult,education,1.0,0.9,10,60,"{class,education_num,race,sex}",4,0.9950919257392631,47,13,6,6,0
adult,education,1.0,0.9,10,60,"{class,education_num,race,workclass}",4,0.9980286210938978,50,10,8,8,0
adult,education,1.0,0.9,10,60,"{class,education_num,relationship,sex}",4,1.0,17,43,387469,0,387469
adult,education,1.0,0.9,10,60,"{class,education_num,relationship,workclass}",4,0.2879955435892674,25,35,1,1,0
adult,education,1.0,0.9,10,60,"{class,education_num,sex,workclass}",4,0.972281622009974,37,23,4,4,0
adult,education,1.0,0.9,10,60,"{class,hours_per_week,marital_status,occupation}",4,1.0,30,30,16321,1,16320
adult,education,1.0,0.9,10,60,"{class,hours_per_week,marital_status,race}",4,1.0,32,28,8825,1,8824
adult,education,1.0,0.9,10,60,"{class,hours_per_week,marital_status,relationship}",4,1.0,9,51,197019,0,197019
adult,education,1.0,0.9,10,60,"{class,hours_per_week,marital_status,sex}",4,1.0,20,40,408605,0,408605
adult,education,1.0,0.9,10,60,"{class,hours_per_week,marital_status,workclass}",4,1.0,24,36,18419,1,18418
adult,education,1.0,0.9,10,60,"{class,hours_per_week,occupation,race}",4,0.9967218537248975,52,8,7,7,0
adult,education,1.0,0.9,10,60,"{class,hours_per_week,occupation,relationship}",4,1.0,28,32,230516,0,230516
adult,education,1.0,0.9,10,60,"{class,hours_per_week,occupation,sex}",4,0.9671822541097084,39,21,4,4,0
adult,education,1.0,0.9,10,60,"{class,hours_per_week,occupation,workclass}",4,0.9814866498074863,46,14,5,5,0
adult,education,1.0,0.9,10,60,"{class,hours_per_week,race,relationship}",4,1.0,30,30,133524,0,133524
adult,education,1.0,0.9,10,60,"{class,hours_per_week,race,sex}",4,0.9671822541097084,42,18,4,4,0
adult,education,1.0,0.9,10,60,"{class,hours_per_week,race,workclass}",4,0.9814866498074863,45,15,5,5,0
adult,education,1.0,0.9,10,60,"{class,hours_per_week,relationship,sex}",4,1.0,17,43,394261,0,394261
adult,education,1.0,0.9,10,60,"{class,hours_per_week,relationship,workclass}",4,1.0,23,37,378872,0,378872
adult,education,1.0,0.9,10,60,"{class,hours_per_week,sex,workclass}",4,0.8146615888344063,34,26,2,2,0
adult,education,1.0,0.9,10,60,"{class,marital_status,occupation,race}",4,1.0,40,20,3343,1,3342
adult,education,1.0,0.9,10,60,"{class,marital_status,occupation,relationship}",4,1.0,10,50,191358,0,191358
adult,education,1.0,0.9,10,60,"{class,marital_status,occupation,sex}",4,1.0,26,34,228520,0,228520
adult,education,1.0,0.9,10,60,"{class,marital_status,occupation,workclass}",4,1.0,30,30,8658,1,8657
adult,education,1.0,0.9,10,60,"{class,marital_status,race,relationship}",4,1.0,12,48,96019,0,96019
adult,education,1.0,0.9,10,60,"{class,marital_status,race,sex}",4,1.0,27,33,147971,0,147971
adult,education,1.0,0.9,10,60,"{class,marital_status,race,workclass}",4,1.0,33,27,3450,1,3449
adult,education,1.0,0.9,10,60,"{class,marital_status,relationship,sex}",4,1.0,2,58,108996,0,108996
adult,education,1.0,0.9,10,60,"{class,marital_status,relationship,workclass}",4,1.0,9,51,315569,0,315569
adult,education,1.0,0.9,10,60,"{class,marital_status,sex,workclass}",4,1.0,19,41,439916,0,439916
adult,education,1.0,0.9,10,60,"{class,occupation,race,relationship}",4,0.2879955435892674,40,20,1,1,0
adult,education,1.0,0.9,10,60,"{class,occupation,race,sex}",4,0.9950919257392631,50,10,6,6,0
adult,education,1.0,0.9,10,60,"{class,occupation,race,workclass}",4,0.9980286210938978,54,6,8,8,0
adult,education,1.0,0.9,10,60,"{class,occupation,relationship,sex}",4,1.0,22,38,236279,0,236279
adult,education,1.0,0.9,10,60,"{class,occupation,relationship,workclass}",4,0.2879955435892674,29,31,1,1,0
adult,education,1.0,0.9,10,60,"{class,occupation,sex,workclass}",4,0.972281622009974,42,18,4,4,0
adult,education,1.0,0.9,10,60,"{class,race,relationship,sex}",4,1.0,23,37,154854,0,154854
adult,education,1.0,0.9,10,60,"{class,race,relationship,workclass}",4,0.2879955435892674,32,28,1,1,0
adult,education,1.0,0.9,10,60,"{class,race,sex,workclass}",4,0.972281622009974,44,16,4,4,0
adult,education,1.0,0.9,10,60,"{class,relationship,sex,workclass}",4,1.0,18,42,404486,0,404486
adult,education,1.0,0.9,10,60,"{education_num,hours_per_week,marital_status,occupation}",4,1.0,26,34,24886,2,24884
adult,education,1.0,0.9,10,60,"{education_num,hours_per_week,marital_status,race}",4,1.0,28,32,13422,2,13420
adult,education,1.0,0.9,10,60,"{education_num,hours_per_week,marital_status,relationship}",4,1.0,8,52,489524,0,489524
adult,education,1.0,0.9,10,60,"{education_num,hours_per_week,marital_status,sex}",4,1.0,17,43,59377,1,59376
adult,education,1.0,0.9,10,60,"{education_num,hours_per_week,marital_status,workclass}",4,1.0,21,39,44782,1,44781
adult,education,1.0,0.9,10,60,"{education_num,hours_per_week,occupation,race}",4,0.9976428786252994,50,10,8,8,0
adult,education,1.0,0.9,10,60,"{education_num,hours_per_week,occupation,relationship}",4,1.0,21,39,688039,0,688039
adult,education,1.0,0.9,10,60,"{education_num,hours_per_week,occupation,sex}",4,0.9764026971904778,35,25,5,5,0
adult,education,1.0,0.9,10,60,"{education_num,hours_per_week,occupation,workclass}",4,0.9814866498074863,41,19,5,5,0
adult,education,1.0,0.9,10,60,"{education_num,hours_per_week,race,relationship}",4,1.0,23,37,407151,0,407151
adult,education,1.0,0.9,10,60,"{education_num,hours_per_week,race,sex}",4,0.9764026971904778,38,22,5,5,0
adult,education,1.0,0.9,10,60,"{education_num,hours_per_week,race,workclass}",4,0.9814866498074863,40,20,5,5,0
adult,education,1.0,0.9,10,60,"{education_num,hours_per_week,relationship,sex}",4,1.0,14,46,821398,0,821398
adult,education,1.0,0.9,10,60,"{education_num,hours_per_week,relationship,workclass}",4,1.0,18,42,900991,0,900991
adult,education,1.0,0.9,10,60,"{education_num,hours_per_week,sex,workclass}",4,0.8146615888344063,27,33,2,2,0
adult,education,1.0,0.9,10,60,"{education_num,marital_status,occupation,race}",4,1.0,34,26,6333,3,6330
adult,education,1.0,0.9,10,60,"{education_num,marital_status,occupation,relationship}",4,1.0,8,52,405976,0,405976
adult,education,1.0,0.9,10,60,"{education_num,marital_status,occupation,sex}",4,1.0,22,38,31805,2,31803
adult,education,1.0,0.9,10,60,"{education_num,marital_status,occupation,workclass}",4,1.0,25,35,29636,2,29634
adult,education,1.0,0.9,10,60,"{education_num,marital_status,race,relationship}",4,1.0,10,50,214188,0,214188
adult,education,1.0,0.9,10,60,"{education_num,marital_status,race,sex}",4,1.0,23,37,21157,2,21155
adult,education,1.0,0.9,10,60,"{education_num,marital_status,race,workclass}",4,1.0,28,32,11683,2,11681
adult,education,1.0,0.9,10,60,"{education_num,marital_status,relationship,sex}",4,1.0,2,58,200546,0,200546
adult,education,1.0,0.9,10,60,"{education_num,marital_status,relationship,workclass}",4,1.0,7,53,577589,0,577589
adult,education,1.0,0.9,10,60,"{education_num,marital_status,sex,workclass}",4,1.0,16,44,73866,1,73865
adult,education,1.0,0.9,10,60,"{education_num,occupation,race,relationship}",4,0.5048386301737373,33,27,2,2,0
adult,education,1.0,0.9,10,60,"{education_num,occupation,race,sex}",4,0.9983075583584777,49,11,9,9,0
adult,education,1.0,0.9,10,60,"{education_num,occupation,race,workclass}",4,0.9990545924531226,54,6,10,10,0
adult,education,1.0,0.9,10,60,"{education_num,occupation,relationship,sex}",4,0.3045529906899629,17,43,1,1,0
adult,education,1.0,0.9,10,60,"{education_num,occupation,relationship,workclass}",4,0.5048386301737373,24,36,2,2,0
adult,education,1.0,0.9,10,60,"{education_num,occupation,sex,workclass}",4,0.9867071907597995,38,22,6,6,0
adult,education,1.0,0.9,10,60,"{education_num,race,relationship,sex}",4,0.3045529906899629,18,42,1,1,0
adult,education,1.0,0.9,10,60,"{education_num,race,relationship,workclass}",4,0.5048386301737373,27,33,2,2,0
adult,education,1.0,0.9,10,60,"{education_num,race,sex,workclass}",4,0.9867071907597995,40,20,6,6,0
adult,education,1.0,0.9,10,60,"{education_num,relationship,sex,workclass}",4,0.3045529906899629,15,45,1,1,0
adult,education,1.0,0.9,10,60,"{hours_per_week,marital_status,occupation,race}",4,1.0,31,29,8192,2,8190
adult,education,1.0,0.9,10,60,"{hours_per_week,marital_status,occupation,relationship}",4,1.0,7,53,403684,0,403684
adult,education,1.0,0.9,10,60,"{hours_per_week,marital_status,occupation,sex}",4,1.0,20,40,35951,1,35950
adult,education,1.0,0.9,10,60,"{hours_per_week,marital_status,occupation,workclass}",4,1.0,22,38,37821,1,37820
adult,education,1.0,0.9,10,60,"{hours_per_week,marital_status,race,relationship}",4,1.0,9,51,218795,0,218795
adult,education,1.0,0.9,10,60,"{hours_per_week,marital_status,race,sex}",4,1.0,21,39,24198,1,24197
adult,education,1.0,0.9,10,60,"{hours_per_week,marital_status,race,workclass}",4,1.0,25,35,14823,1,14822
adult,education,1.0,0.9,10,60,"{hours_per_week,marital_status,relationship,sex}",4,1.0,2,58,203240,0,203240
adult,education,1.0,0.9,10,60,"{hours_per_week,marital_status,relationship,workclass}",4,1.0,7,53,553075,0,553075
adult,education,1.0,0.9,10,60,"{hours_per_week,marital_status,sex,workclass}",4,1.0,15,45,959393,0,959393
adult,education,1.0,0.9,10,60,"{hours_per_week,occupation,race,relationship}",4,1.0,28,32,242100,0,242100
adult,education,1.0,0.9,10,60,"{hours_per_week,occupation,race,sex}",4,0.9764026971904778,42,18,5,5,0
adult,education,1.0,0.9,10,60,"{hours_per_week,occupation,race,workclass}",4,0.9814866498074863,47,13,5,5,0
adult,education,1.0,0.9,10,60,"{hours_per_week,occupation,relationship,sex}",4,1.0,16,44,635393,0,635393
adult,education,1.0,0.9,10,60,"{hours_per_week,occupation,relationship,workclass}",4,1.0,21,39,670602,0,670602
adult,education,1.0,0.9,10,60,"{hours_per_week,occupation,sex,workclass}",4,0.8146615888344063,33,27,2,2,0
adult,education,1.0,0.9,10,60,"{hours_per_week,race,relationship,sex}",4,1.0,17,43,424298,0,424298
adult,education,1.0,0.9,10,60,"{hours_per_week,race,relationship,workclass}",4,1.0,24,36,308204,0,308204
adult,education,1.0,0.9,10,60,"{hours_per_week,race,sex,workclass}",4,0.8146615888344063,35,25,2,2,0
adult,education,1.0,0.9,10,60,"{hours_per_week,relationship,sex,workclass}",4,1.0,14,46,860978,0,860978
adult,education,1.0,0.9,10,60,"{marital_status,occupation,race,relationship}",4,1.0,12,48,137342,0,137342
adult,education,1.0,0.9,10,60,"{marital_status,occupation,race,sex}",4,1.0,28,32,8871,2,8869
adult,education,1.0,0.9,10,60,"{marital_status,occupation,race,workclass}",4,1.0,32,28,6065,2,6063
adult,education,1.0,0.9,10,60,"{marital_status,occupation,relationship,sex}",4,1.0,4,56,195137,0,195137
adult,education,1.0,0.9,10,60,"{marital_status,occupation,relationship,workclass}",4,1.0,9,51,439504,0,439504
adult,education,1.0,0.9,10,60,"{marital_status,occupation,sex,workclass}",4,1.0,19,41,40470,1,40469
adult,education,1.0,0.9,10,60,"{marital_status,race,relationship,sex}",4,1.0,4,56,132248,0,132248
adult,education,1.0,0.9,10,60,"{marital_status,race,relationship,workclass}",4,1.0,11,49,185258,0,185258
adult,education,1.0,0.9,10,60,"{marital_status,race,sex,workclass}",4,1.0,21,39,19503,1,19502
adult,education,1.0,0.9,10,60,"{marital_status,relationship,sex,workclass}",4,1.0,3,57,302181,0,302181
adult,education,1.0,0.9,10,60,"{occupation,race,relationship,sex}",4,0.3045529906899629,23,37,1,1,0
adult,education,1.0,0.9,10,60,"{occupation,race,relationship,workclass}",4,0.5048386301737373,31,29,2,2,0
adult,education,1.0,0.9,10,60,"{occupation,race,sex,workclass}",4,0.9867071907597995,43,17,6,6,0
adult,education,1.0,0.9,10,60,"{occupation,relationship,sex,workclass}",4,0.3045529906899629,18,42,1,1,0
adult,education,1.0,0.9,10,60,"{race,relationship,sex,workclass}",4,0.3045529906899629,20,40,1,1,0
adult,education,1.0,0.9,10,60,"{age,class,education_num,hours_per_week,marital_status}",5,0.3251322996936217,24,36,1,1,0
adult,education,1.0,0.9,10,60,"{age,class,education_num,hours_per_week,occupation}",5,0.9967218537248975,49,11,7,7,0
adult,education,1.0,0.9,10,60,"{age,class,education_num,hours_per_week,race}",5,0.9967218537248975,49,11,7,7,0
adult,education,1.0,0.9,10,60,"{age,class,education_num,hours_per_week,relationship}",5,1.0,22,38,2550948,0,2550948
adult,education,1.0,0.9,10,60,"{age,class,education_num,hours_per_week,sex}",5,0.9671822541097084,35,25,4,4,0
adult,education,1.0,0.9,10,60,"{age,class,education_num,hours_per_week,workclass}",5,0.9814866498074863,40,20,5,5,0
adult,education,1.0,0.9,10,60,"{age,class,education_num,marital_status,occupation}",5,0.3251322996936217,28,32,1,1,0
adult,education,1.0,0.9,10,60,"{age,class,education_num,marital_status,race}",5,0.3251322996936217,30,30,1,1,0
adult,education,1.0,0.9,10,60,"{age,class,education_num,marital_status,relationship}",5,1.0,6,54,1675046,0,1675046
adult,education,1.0,0.9,10,60,"{age,class,education_num,marital_status,sex}",5,1.0,17,43,4968203,0,4968203
adult,education,1.0,0.9,10,60,"{age,class,education_num,marital_status,workclass}",5,0.3251322996936217,23,37,1,1,0
adult,education,1.0,0.9,10,60,"{age,class,education_num,occupation,race}",5,0.9996509292834277,55,5,10,10,0
adult,education,1.0,0.9,10,60,"{age,class,education_num,occupation,relationship}",5,0.2879955435892674,30,30,1,1,0
adult,education,1.0,0.9,10,60,"{age,class,education_num,occupation,sex}",5,0.9950919257392631,42,18,6,6,0
adult,education,1.0,0.9,10,60,"{age,class,education_num,occupation,workclass}",5,0.9980286210938978,50,10,8,8,0
adult,education,1.0,0.9,10,60,"{age,class,education_num,race,relationship}",5,0.2879955435892674,32,28,1,1,0
adult,education,1.0,0.9,10,60,"{age,class,education_num,race,sex}",5,0.9950919257392631,45,15,6,6,0
adult,education,1.0,0.9,10,60,"{age,class,education_num,race,workclass}",5,0.9980286210938978,49,11,8,8,0
adult,education,1.0,0.9,10,60,"{age,class,education_num,relationship,sex}",5,1.0,15,45,3067911,0,3067911
adult,education,1.0,0.9,10,60,"{age,class,education_num,relationship,workclass}",5,0.2879955435892674,22,38,1,1,0
adult,education,1.0,0.9,10,60,"{age,class,education_num,sex,workclass}",5,0.972281622009974,34,26,4,4,0
adult,education,1.0,0.9,10,60,"{age,class,hours_per_week,marital_status,occupation}",5,0.3251322996936217,26,34,1,1,0
adult,education,1.0,0.9,10,60,"{age,class,hours_per_week,marital_status,race}",5,0.3251322996936217,28,32,1,1,0
adult,education,1.0,0.9,10,60,"{age,class,hours_per_week,marital_status,relationship}",5,1.0,5,55,1706424,0,1706424
adult,education,1.0,0.9,10,60,"{age,class,hours_per_week,marital_status,sex}",5,1.0,16,44,5162996,0,5162996
adult,education,1.0,0.9,10,60,"{age,class,hours_per_week,marital_status,workclass}",5,0.3251322996936217,21,39,1,1,0
adult,education,1.0,0.9,10,60,"{age,class,hours_per_week,occupation,race}",5,0.9967218537248975,52,8,7,7,0
adult,education,1.0,0.9,10,60,"{age,class,hours_per_week,occupation,relationship}",5,1.0,26,34,1851262,0,1851262
adult,education,1.0,0.9,10,60,"{age,class,hours_per_week,occupation,sex}",5,0.9671822541097084,37,23,4,4,0
adult,education,1.0,0.9,10,60,"{age,class,hours_per_week,occupation,workclass}",5,0.9814866498074863,45,15,5,5,0
adult,education,1.0,0.9,10,60,"{age,class,hours_per_week,race,relationship}",5,1.0,28,32,1061834,0,1061834
adult,education,1.0,0.9,10,60,"{age,class,hours_per_week,race,sex}",5,0.9671822541097084,40,20,4,4,0
adult,education,1.0,0.9,10,60,"{age,class,hours_per_week,race,workclass}",5,0.9814866498074863,44,16,5,5,0
adult,education,1.0,0.9,10,60,"{age,class,hours_per_week,relationship,sex}",5,1.0,15,45,3123174,0,3123174
adult,education,1.0,0.9,10,60,"{age,class,hours_per_week,relationship,workclass}",5,1.0,20,40,3701565,0,3701565
adult,education,1.0,0.9,10,60,"{age,class,hours_per_week,sex,workclass}",5,0.8146615888344063,31,29,2,2,0
adult,education,1.0,0.9,10,60,"{age,class,marital_status,occupation,race}",5,0.3251322996936217,36,24,1,1,0
adult,education,1.0,0.9,10,60,"{age,class,marital_status,occupation,relationship}",5,1.0,6,54,1706205,0,1706205
adult,education,1.0,0.9,10,60,"{age,class,marital_status,occupation,sex}",5,1.0,22,38,3035057,0,3035057
adult,education,1.0,0.9,10,60,"{age,class,marital_status,occupation,workclass}",5,0.3251322996936217,27,33,1,1,0
adult,education,1.0,0.9,10,60,"{age,class,marital_status,race,relationship}",5,1.0,8,52,952158,0,952158
adult,education,1.0,0.9,10,60,"{age,class,marital_status,race,sex}",5,1.0,23,37,1915136,0,1915136
adult,education,1.0,0.9,10,60,"{age,class,marital_status,race,workclass}",5,0.3251322996936217,30,30,1,1,0
adult,education,1.0,0.9,10,60,"{age,class,marital_status,relationship,sex}",5,0.0,0,60,0,0,0
adult,education,1.0,0.9,10,60,"{age,class,marital_status,relationship,workclass}",5,1.0,6,54,2784846,0,2784846
adult,education,1.0,0.9,10,60,"{age,class,marital_status,sex,workclass}",5,1.0,16,44,4820267,0,4820267
adult,education,1.0,0.9,10,60,"{age,class,occupation,race,relationship}",5,0.2879955435892674,38,22,1,1,0
adult,education,1.0,0.9,10,60,"{age,class,occupation,race,sex}",5,0.9950919257392631,48,12,6,6,0
adult,education,1.0,0.9,10,60,"{age,class,occupation,race,workclass}",5,0.9980286210938978,53,7,8,8,0
adult,education,1.0,0.9,10,60,"{age,class,occupation,relationship,sex}",5,1.0,20,40,1916036,0,1916036
adult,education,1.0,0.9,10,60,"{age,class,occupation,relationship,workclass}",5,0.2879955435892674,26,34,1,1,0
adult,education,1.0,0.9,10,60,"{age,class,occupation,sex,workclass}",5,0.972281622009974,39,21,4,4,0
adult,education,1.0,0.9,10,60,"{age,class,race,relationship,sex}",5,1.0,21,39,1196689,0,1196689
adult,education,1.0,0.9,10,60,"{age,class,race,relationship,workclass}",5,0.2879955435892674,29,31,1,1,0
adult,education,1.0,0.9,10,60,"{age,class,race,sex,workclass}",5,0.972281622009974,41,19,4,4,0
adult,education,1.0,0.9,10,60,"{age,class,relationship,sex,workclass}",5,1.0,15,45,3802654,0,3802654
adult,education,1.0,0.9,10,60,"{age,education_num,hours_per_week,marital_status,occupation}",5,0.5147424953032316,22,38,2,2,0
adult,education,1.0,0.9,10,60,"{age,education_num,hours_per_week,marital_status,race}",5,0.5147424953032316,24,36,2,2,0
adult,education,1.0,0.9,10,60,"{age,education_num,hours_per_week,marital_status,relationship}",5,1.0,4,56,4063458,0,4063458
adult,education,1.0,0.9,10,60,"{age,education_num,hours_per_week,marital_status,sex}",5,0.28095906134421633,13,47,1,1,0
adult,education,1.0,0.9,10,60,"{age,education_num,hours_per_week,marital_status,workclass}",5,0.3251322996936217,18,42,1,1,0
adult,education,1.0,0.9,10,60,"{age,education_num,hours_per_week,occupation,race}",5,0.9976428786252994,50,10,8,8,0
adult,education,1.0,0.9,10,60,"{age,education_num,hours_per_week,occupation,relationship}",5,1.0,19,41,5542725,0,5542725
adult,education,1.0,0.9,10,60,"{age,education_num,hours_per_week,occupation,sex}",5,0.9764026971904778,33,27,5,5,0
adult,education,1.0,0.9,10,60,"{age,education_num,hours_per_week,occupation,workclass}",5,0.9814866498074863,40,20,5,5,0
adult,education,1.0,0.9,10,60,"{age,education_num,hours_per_week,race,relationship}",5,1.0,21,39,3267913,0,3267913
adult,education,1.0,0.9,10,60,"{age,education_num,hours_per_week,race,sex}",5,0.9764026971904778,36,24,5,5,0
adult,education,1.0,0.9,10,60,"{age,education_num,hours_per_week,race,workclass}",5,0.9814866498074863,39,21,5,5,0
adult,education,1.0,0.9,10,60,"{age,education_num,hours_per_week,relationship,sex}",5,1.0,12,48,6535560,0,6535560
adult,education,1.0,0.9,10,60,"{age,education_num,hours_per_week,relationship,workclass}",5,1.0,15,45,8775218,0,8775218
adult,education,1.0,0.9,10,60,"{age,education_num,hours_per_week,sex,workclass}",5,0.8146615888344063,24,36,2,2,0
adult,education,1.0,0.9,10,60,"{age,education_num,marital_status,occupation,race}",5,0.6653759306344309,30,30,3,3,0
adult,education,1.0,0.9,10,60,"{age,education_num,marital_status,occupation,relationship}",5,1.0,4,56,3014088,0,3014088
adult,education,1.0,0.9,10,60,"{age,education_num,marital_status,occupation,sex}",5,0.5041634542390228,18,42,2,2,0
adult,education,1.0,0.9,10,60,"{age,education_num,marital_status,occupation,workclass}",5,0.5346244540802718,22,38,2,2,0
adult,education,1.0,0.9,10,60,"{age,education_num,marital_status,race,relationship}",5,1.0,6,54,1941810,0,1941810
adult,education,1.0,0.9,10,60,"{age,education_num,marital_status,race,sex}",5,0.5041634542390228,19,41,2,2,0
adult,education,1.0,0.9,10,60,"{age,education_num,marital_status,race,workclass}",5,0.5346244540802718,25,35,2,2,0
adult,education,1.0,0.9,10,60,"{age,education_num,marital_status,relationship,sex}",5,0.0,0,60,0,0,0
adult,education,1.0,0.9,10,60,"{age,education_num,marital_status,relationship,workclass}",5,1.0,4,56,4416268,0,4416268
adult,education,1.0,0.9,10,60,"{age,education_num,marital_status,sex,workclass}",5,0.31041958933809455,13,47,1,1,0
adult,education,1.0,0.9,10,60,"{age,education_num,occupation,race,relationship}",5,0.5048386301737373,31,29,2,2,0
adult,education,1.0,0.9,10,60,"{age,education_num,occupation,race,sex}",5,0.9983075583584777,47,13,9,9,0
adult,education,1.0,0.9,10,60,"{age,education_num,occupation,race,workclass}",5,0.9990545924531226,53,7,10,10,0
adult,education,1.0,0.9,10,60,"{age,education_num,occupation,relationship,sex}",5,0.3045529906899629,15,45,1,1,0
adult,education,1.0,0.9,10,60,"{age,education_num,occupation,relationship,workclass}",5,0.5048386301737373,21,39,2,2,0
adult,education,1.0,0.9,10,60,"{age,education_num,occupation,sex,workclass}",5,0.9867071907597995,35,25,6,6,0
adult,education,1.0,0.9,10,60,"{age,education_num,race,relationship,sex}",5,0.3045529906899629,16,44,1,1,0
adult,education,1.0,0.9,10,60,"{age,education_num,race,relationship,workclass}",5,0.5048386301737373,24,36,2,2,0
adult,education,1.0,0.9,10,60,"{age,education_num,race,sex,workclass}",5,0.9867071907597995,37,23,6,6,0
adult,education,1.0,0.9,10,60,"{age,education_num,relationship,sex,workclass}",5,0.3045529906899629,12,48,1,1,0
adult,education,1.0,0.9,10,60,"{age,hours_per_week,marital_status,occupation,race}",5,0.5147424953032316,27,33,2,2,0
adult,education,1.0,0.9,10,60,"{age,hours_per_week,marital_status,occupation,relationship}",5,1.0,3,57,2611233,0,2611233
adult,education,1.0,0.9,10,60,"{age,hours_per_week,marital_status,occupation,sex}",5,0.28095906134421633,16,44,1,1,0
adult,education,1.0,0.9,10,60,"{age,hours_per_week,marital_status,occupation,workclass}",5,0.3251322996936217,19,41,1,1,0
adult,education,1.0,0.9,10,60,"{age,hours_per_week,marital_status,race,relationship}",5,1.0,5,55,1860766,0,1860766
adult,education,1.0,0.9,10,60,"{age,hours_per_week,marital_status,race,sex}",5,0.28095906134421633,17,43,1,1,0
adult,education,1.0,0.9,10,60,"{age,hours_per_week,marital_status,race,workclass}",5,0.3251322996936217,22,38,1,1,0
adult,education,1.0,0.9,10,60,"{age,hours_per_week,marital_status,relationship,sex}",5,0.0,0,60,0,0,0
adult,education,1.0,0.9,10,60,"{age,hours_per_week,marital_status,relationship,workclass}",5,1.0,4,56,4190239,0,4190239
adult,education,1.0,0.9,10,60,"{age,hours_per_week,marital_status,sex,workclass}",5,1.0,12,48,9900718,0,9900718
adult,education,1.0,0.9,10,60,"{age,hours_per_week,occupation,race,relationship}",5,1.0,26,34,1918876,0,1918876
adult,education,1.0,0.9,10,60,"{age,hours_per_week,occupation,race,sex}",5,0.9764026971904778,40,20,5,5,0
adult,education,1.0,0.9,10,60,"{age,hours_per_week,occupation,race,workclass}",5,0.9814866498074863,46,14,5,5,0
adult,education,1.0,0.9,10,60,"{age,hours_per_week,occupation,relationship,sex}",5,1.0,14,46,5077926,0,5077926
adult,education,1.0,0.9,10,60,"{age,hours_per_week,occupation,relationship,workclass}",5,1.0,18,42,6438430,0,6438430
adult,education,1.0,0.9,10,60,"{age,hours_per_week,occupation,sex,workclass}",5,0.8146615888344063,30,30,2,2,0
adult,education,1.0,0.9,10,60,"{age,hours_per_week,race,relationship,sex}",5,1.0,15,45,3290216,0,3290216
adult,education,1.0,0.9,10,60,"{age,hours_per_week,race,relationship,workclass}",5,1.0,21,39,2990948,0,2990948
adult,education,1.0,0.9,10,60,"{age,hours_per_week,race,sex,workclass}",5,0.8146615888344063,32,28,2,2,0
adult,education,1.0,0.9,10,60,"{age,hours_per_week,relationship,sex,workclass}",5,1.0,11,49,7939102,0,7939102
adult,education,1.0,0.9,10,60,"{age,marital_status,occupation,race,relationship}",5,1.0,8,52,1384894,0,1384894
adult,education,1.0,0.9,10,60,"{age,marital_status,occupation,race,sex}",5,0.5041634542390228,24,36,2,2,0
adult,education,1.0,0.9,10,60,"{age,marital_status,occupation,race,workclass}",5,0.5346244540802718,29,31,2,2,0
adult,education,1.0,0.9,10,60,"{age,marital_status,occupation,relationship,sex}",5,1.0,2,58,1167290,0,1167290
adult,education,1.0,0.9,10,60,"{age,marital_status,occupation,relationship,workclass}",5,1.0,6,54,3928760,0,3928760
adult,education,1.0,0.9,10,60,"{age,marital_status,occupation,sex,workclass}",5,0.31041958933809455,16,44,1,1,0
adult,education,1.0,0.9,10,60,"{age,marital_status,race,relationship,sex}",5,1.0,2,58,767439,0,767439
adult,education,1.0,0.9,10,60,"{age,marital_status,race,relationship,workclass}",5,1.0,8,52,1759899,0,1759899
adult,education,1.0,0.9,10,60,"{age,marital_status,race,sex,workclass}",5,0.31041958933809455,18,42,1,1,0
adult,education,1.0,0.9,10,60,"{age,marital_status,relationship,sex,workclass}",5,1.0,2,58,1778296,0,1778296
adult,education,1.0,0.9,10,60,"{age,occupation,race,relationship,sex}",5,0.3045529906899629,21,39,1,1,0
adult,education,1.0,0.9,10,60,"{age,occupation,race,relationship,workclass}",5,0.5048386301737373,28,32,2,2,0
adult,education,1.0,0.9,10,60,"{age,occupation,race,sex,workclass}",5,0.9867071907597995,40,20,6,6,0
adult,education,1.0,0.9,10,60,"{age,occupation,relationship,sex,workclass}",5,0.3045529906899629,15,45,1,1,0
adult,education,1.0,0.9,10,60,"{age,race,relationship,sex,workclass}",5,0.3045529906899629,17,43,1,1,0
adult,education,1.0,0.9,10,60,"{class,education_num,hours_per_week,marital_status,occupation}",5,1.0,24,36,345967,1,345966
adult,education,1.0,0.9,10,60,"{class,education_num,hours_per_week,marital_status,race}",5,1.0,26,34,183575,1,183574
adult,education,1.0,0.9,10,60,"{class,education_num,hours_per_week,marital_status,relationship}",5,1.0,8,52,2251576,0,2251576
adult,education,1.0,0.9,10,60,"{class,education_num,hours_per_week,marital_status,sex}",5,1.0,15,45,5191111,0,5191111
adult,education,1.0,0.9,10,60,"{class,education_num,hours_per_week,marital_status,workclass}",5,1.0,20,40,284567,1,284566
adult,education,1.0,0.9,10,60,"{class,education_num,hours_per_week,occupation,race}",5,0.9967218537248975,49,11,7,7,0
adult,education,1.0,0.9,10,60,"{class,education_num,hours_per_week,occupation,relationship}",5,1.0,20,40,4178132,0,4178132
adult,education,1.0,0.9,10,60,"{class,education_num,hours_per_week,occupation,sex}",5,0.9671822541097084,34,26,4,4,0
adult,education,1.0,0.9,10,60,"{class,education_num,hours_per_week,occupation,workclass}",5,0.9814866498074863,41,19,5,5,0
adult,education,1.0,0.9,10,60,"{class,education_num,hours_per_week,race,relationship}",5,1.0,22,38,2456478,0,2456478
adult,education,1.0,0.9,10,60,"{class,education_num,hours_per_week,race,sex}",5,0.9671822541097084,37,23,4,4,0
adult,education,1.0,0.9,10,60,"{class,education_num,hours_per_week,race,workclass}",5,0.9814866498074863,40,20,5,5,0
adult,education,1.0,0.9,10,60,"{class,education_num,hours_per_week,relationship,sex}",5,1.0,13,47,4600627,0,4600627
adult,education,1.0,0.9,10,60,"{class,education_num,hours_per_week,relationship,workclass}",5,1.0,17,43,5391387,0,5391387
adult,education,1.0,0.9,10,60,"{class,education_num,hours_per_week,sex,workclass}",5,0.8146615888344063,27,33,2,2,0
adult,education,1.0,0.9,10,60,"{class,education_num,marital_status,occupation,race}",5,1.0,30,30,116641,1,116640
adult,education,1.0,0.9,10,60,"{class,education_num,marital_status,occupation,relationship}",5,1.0,8,52,1995692,0,1995692
adult,education,1.0,0.9,10,60,"{class,education_num,marital_status,occupation,sex}",5,1.0,18,42,4477161,0,4477161
adult,education,1.0,0.9,10,60,"{class,education_num,marital_status,occupation,workclass}",5,1.0,22,38,253164,1,253163
adult,education,1.0,0.9,10,60,"{class,education_num,marital_status,race,relationship}",5,1.0,10,50,1054406,0,1054406
adult,education,1.0,0.9,10,60,"{class,education_num,marital_status,race,sex}",5,1.0,19,41,2860103,0,2860103
adult,education,1.0,0.9,10,60,"{class,education_num,marital_status,race,workclass}",5,1.0,25,35,97488,1,97487
adult,education,1.0,0.9,10,60,"{class,education_num,marital_status,relationship,sex}",5,1.0,2,58,889390,0,889390
adult,education,1.0,0.9,10,60,"{class,education_num,marital_status,relationship,workclass}",5,1.0,7,53,2792646,0,2792646
adult,education,1.0,0.9,10,60,"{class,education_num,marital_status,sex,workclass}",5,1.0,13,47,6554136,0,6554136
adult,education,1.0,0.9,10,60,"{class,education_num,occupation,race,relationship}",5,0.2879955435892674,30,30,1,1,0
adult,education,1.0,0.9,10,60,"{class,education_num,occupation,race,sex}",5,0.9950919257392631,44,16,6,6,0
adult,education,1.0,0.9,10,60,"{class,education_num,occupation,race,workclass}",5,0.9980286210938978,50,10,8,8,0
adult,education,1.0,0.9,10,60,"{class,education_num,occupation,relationship,sex}",5,1.0,14,46,4365321,0,4365321
adult,education,1.0,0.9,10,60,"{class,education_num,occupation,relationship,workclass}",5,0.2879955435892674,21,39,1,1,0
adult,education,1.0,0.9,10,60,"{class,education_num,occupation,sex,workclass}",5,0.972281622009974,34,26,4,4,0
adult,education,1.0,0.9,10,60,"{class,education_num,race,relationship,sex}",5,1.0,15,45,2826719,0,2826719
adult,education,1.0,0.9,10,60,"{class,education_num,race,relationship,workclass}",5,0.2879955435892674,24,36,1,1,0
adult,education,1.0,0.9,10,60,"{class,education_num,race,sex,workclass}",5,0.972281622009974,36,24,4,4,0
adult,education,1.0,0.9,10,60,"{class,education_num,relationship,sex,workclass}",5,1.0,12,48,5742059,0,5742059
adult,education,1.0,0.9,10,60,"{class,hours_per_week,marital_status,occupation,race}",5,1.0,28,32,140169,1,140168
adult,education,1.0,0.9,10,60,"{class,hours_per_week,marital_status,occupation,relationship}",5,1.0,7,53,2080898,0,2080898
adult,education,1.0,0.9,10,60,"{class,hours_per_week,marital_status,occupation,sex}",5,1.0,17,43,4615360,0,4615360
adult,education,1.0,0.9,10,60,"{class,hours_per_week,marital_status,occupation,workclass}",5,1.0,20,40,302787,1,302786
adult,education,1.0,0.9,10,60,"{class,hours_per_week,marital_status,race,relationship}",5,1.0,9,51,1129281,0,1129281
adult,education,1.0,0.9,10,60,"{class,hours_per_week,marital_status,race,sex}",5,1.0,18,42,3000897,0,3000897
adult,education,1.0,0.9,10,60,"{class,hours_per_week,marital_status,race,workclass}",5,1.0,23,37,116116,1,116115
adult,education,1.0,0.9,10,60,"{class,hours_per_week,marital_status,relationship,sex}",5,1.0,2,58,923254,0,923254
adult,education,1.0,0.9,10,60,"{class,hours_per_week,marital_status,relationship,workclass}",5,1.0,7,53,2773947,0,2773947
adult,education,1.0,0.9,10,60,"{class,hours_per_week,marital_status,sex,workclass}",5,1.0,13,47,6393096,0,6393096
adult,education,1.0,0.9,10,60,"{class,hours_per_week,occupation,race,relationship}",5,1.0,26,34,1793440,0,1793440
adult,education,1.0,0.9,10,60,"{class,hours_per_week,occupation,race,sex}",5,0.9671822541097084,39,21,4,4,0
adult,education,1.0,0.9,10,60,"{class,hours_per_week,occupation,race,workclass}",5,0.9814866498074863,45,15,5,5,0
adult,education,1.0,0.9,10,60,"{class,hours_per_week,occupation,relationship,sex}",5,1.0,14,46,4409086,0,4409086
adult,education,1.0,0.9,10,60,"{class,hours_per_week,occupation,relationship,workclass}",5,1.0,19,41,4905796,0,4905796
adult,education,1.0,0.9,10,60,"{class,hours_per_week,occupation,sex,workclass}",5,0.8146615888344063,31,29,2,2,0
adult,education,1.0,0.9,10,60,"{class,hours_per_week,race,relationship,sex}",5,1.0,15,45,2884023,0,2884023
adult,education,1.0,0.9,10,60,"{class,hours_per_week,race,relationship,workclass}",5,1.0,22,38,2239937,0,2239937
adult,education,1.0,0.9,10,60,"{class,hours_per_week,race,sex,workclass}",5,0.8146615888344063,33,27,2,2,0
adult,education,1.0,0.9,10,60,"{class,hours_per_week,relationship,sex,workclass}",5,1.0,12,48,5696537,0,5696537
adult,education,1.0,0.9,10,60,"{class,marital_status,occupation,race,relationship}",5,1.0,10,50,1066498,0,1066498
adult,education,1.0,0.9,10,60,"{class,marital_status,occupation,race,sex}",5,1.0,24,36,1700448,0,1700448
adult,education,1.0,0.9,10,60,"{class,marital_status,occupation,race,workclass}",5,1.0,29,31,54078,1,54077
adult,education,1.0,0.9,10,60,"{class,marital_status,occupation,relationship,sex}",5,1.0,2,58,884138,0,884138
adult,education,1.0,0.9,10,60,"{class,marital_status,occupation,relationship,workclass}",5,1.0,7,53,3278526,0,3278526
adult,education,1.0,0.9,10,60,"{class,marital_status,occupation,sex,workclass}",5,1.0,16,44,4876285,0,4876285
adult,education,1.0,0.9,10,60,"{class,marital_status,race,relationship,sex}",5,1.0,2,58,597344,0,597344
adult,education,1.0,0.9,10,60,"{class,marital_status,race,relationship,workclass}",5,1.0,9,51,1414797,0,1414797
adult,education,1.0,0.9,10,60,"{class,marital_status,race,sex,workclass}",5,1.0,18,42,2460342,0,2460342
adult,education,1.0,0.9,10,60,"{class,marital_status,relationship,sex,workclass}",5,1.0,1,59,947755,0,947755
adult,education,1.0,0.9,10,60,"{class,occupation,race,relationship,sex}",5,1.0,20,40,1764343,0,1764343
adult,education,1.0,0.9,10,60,"{class,occupation,race,relationship,workclass}",5,0.2879955435892674,28,32,1,1,0
adult,education,1.0,0.9,10,60,"{class,occupation,race,sex,workclass}",5,0.972281622009974,41,19,4,4,0
adult,education,1.0,0.9,10,60,"{class,occupation,relationship,sex,workclass}",5,1.0,15,45,4456415,0,4456415
adult,education,1.0,0.9,10,60,"{class,race,relationship,sex,workclass}",5,1.0,17,43,2242842,0,2242842
adult,education,1.0,0.9,10,60,"{education_num,hours_per_week,marital_status,occupation,race}",5,1.0,24,36,217694,2,217692
adult,education,1.0,0.9,10,60,"{education_num,hours_per_week,marital_status,occupation,relationship}",5,1.0,6,54,4976532,0,4976532
adult,education,1.0,0.9,10,60,"{education_num,hours_per_week,marital_status,occupation,sex}",5,1.0,14,46,793384,1,793383
adult,education,1.0,0.9,10,60,"{education_num,hours_per_week,marital_status,occupation,workclass}",5,1.0,17,43,749442,1,749441
adult,education,1.0,0.9,10,60,"{education_num,hours_per_week,marital_status,race,relationship}",5,1.0,8,52,2842252,0,2842252
adult,education,1.0,0.9,10,60,"{education_num,hours_per_week,marital_status,race,sex}",5,1.0,15,45,527739,1,527738
adult,education,1.0,0.9,10,60,"{education_num,hours_per_week,marital_status,race,workclass}",5,1.0,20,40,283873,1,283872
adult,education,1.0,0.9,10,60,"{education_num,hours_per_week,marital_status,relationship,sex}",5,1.0,2,58,1985116,0,1985116
adult,education,1.0,0.9,10,60,"{education_num,hours_per_week,marital_status,relationship,workclass}",5,1.0,6,54,5464923,0,5464923
adult,education,1.0,0.9,10,60,"{education_num,hours_per_week,marital_status,sex,workclass}",5,1.0,11,49,10419425,0,10419425
adult,education,1.0,0.9,10,60,"{education_num,hours_per_week,occupation,race,relationship}",5,1.0,19,41,5304291,0,5304291
adult,education,1.0,0.9,10,60,"{education_num,hours_per_week,occupation,race,sex}",5,0.9764026971904778,35,25,5,5,0
adult,education,1.0,0.9,10,60,"{education_num,hours_per_week,occupation,race,workclass}",5,0.9814866498074863,40,20,5,5,0
adult,education,1.0,0.9,10,60,"{education_num,hours_per_week,occupation,relationship,sex}",5,1.0,11,49,8754169,0,8754169
adult,education,1.0,0.9,10,60,"{education_num,hours_per_week,occupation,relationship,workclass}",5,1.0,14,46,11046171,0,11046171
adult,education,1.0,0.9,10,60,"{education_num,hours_per_week,occupation,sex,workclass}",5,0.8146615888344063,24,36,2,2,0
adult,education,1.0,0.9,10,60,"{education_num,hours_per_week,race,relationship,sex}",5,1.0,12,48,5823342,0,5823342
adult,education,1.0,0.9,10,60,"{education_num,hours_per_week,race,relationship,workclass}",5,1.0,17,43,5290549,0,5290549
adult,education,1.0,0.9,10,60,"{education_num,hours_per_week,race,sex,workclass}",5,0.8146615888344063,26,34,2,2,0
adult,education,1.0,0.9,10,60,"{education_num,hours_per_week,relationship,sex,workclass}",5,1.0,11,49,8359225,0,8359225
adult,education,1.0,0.9,10,60,"{education_num,marital_status,occupation,race,relationship}",5,1.0,8,52,2304808,0,2304808
adult,education,1.0,0.9,10,60,"{education_num,marital_status,occupation,race,sex}",5,1.0,20,40,278261,2,278259
adult,education,1.0,0.9,10,60,"{education_num,marital_status,occupation,race,workclass}",5,1.0,24,36,187539,2,187537
adult,education,1.0,0.9,10,60,"{education_num,marital_status,occupation,relationship,sex}",5,1.0,2,58,1601384,0,1601384
adult,education,1.0,0.9,10,60,"{education_num,marital_status,occupation,relationship,workclass}",5,1.0,5,55,5429416,0,5429416
adult,education,1.0,0.9,10,60,"{education_num,marital_status,occupation,sex,workclass}",5,1.0,13,47,982814,1,982813
adult,education,1.0,0.9,10,60,"{education_num,marital_status,race,relationship,sex}",5,1.0,2,58,1112910,0,1112910
adult,education,1.0,0.9,10,60,"{education_num,marital_status,race,relationship,workclass}",5,1.0,7,53,2613010,0,2613010
adult,education,1.0,0.9,10,60,"{education_num,marital_status,race,sex,workclass}",5,1.0,15,45,461225,1,461224
adult,education,1.0,0.9,10,60,"{education_num,marital_status,relationship,sex,workclass}",5,1.0,1,59,1480674,0,1480674
adult,education,1.0,0.9,10,60,"{education_num,occupation,race,relationship,sex}",5,0.3045529906899629,15,45,1,1,0
adult,education,1.0,0.9,10,60,"{education_num,occupation,race,relationship,workclass}",5,0.5048386301737373,23,37,2,2,0
adult,education,1.0,0.9,10,60,"{education_num,occupation,race,sex,workclass}",5,0.9867071907597995,37,23,6,6,0
adult,education,1.0,0.9,10,60,"{education_num,occupation,relationship,sex,workclass}",5,0.3045529906899629,12,48,1,1,0
adult,education,1.0,0.9,10,60,"{education_num,race,relationship,sex,workclass}",5,0.3045529906899629,14,46,1,1,0
adult,education,1.0,0.9,10,60,"{hours_per_week,marital_status,occupation,race,relationship}",5,1.0,7,53,2271928,0,2271928
adult,education,1.0,0.9,10,60,"{hours_per_week,marital_status,occupation,race,sex}",5,1.0,18,42,315893,1,315892
adult,education,1.0,0.9,10,60,"{hours_per_week,marital_status,occupation,race,workclass}",5,1.0,21,39,239275,1,239274
adult,education,1.0,0.9,10,60,"{hours_per_week,marital_status,occupation,relationship,sex}",5,1.0,2,58,1607460,0,1607460
adult,education,1.0,0.9,10,60,"{hours_per_week,marital_status,occupation,relationship,workclass}",5,1.0,5,55,5180744,0,5180744
adult,education,1.0,0.9,10,60,"{hours_per_week,marital_status,occupation,sex,workclass}",5,1.0,12,48,9920441,0,9920441
adult,education,1.0,0.9,10,60,"{hours_per_week,marital_status,race,relationship,sex}",5,1.0,2,58,1133432,0,1133432
adult,education,1.0,0.9,10,60,"{hours_per_week,marital_status,race,relationship,workclass}",5,1.0,7,53,2488116,0,2488116
adult,education,1.0,0.9,10,60,"{hours_per_week,marital_status,race,sex,workclass}",5,1.0,14,46,5249417,0,5249417
adult,education,1.0,0.9,10,60,"{hours_per_week,marital_status,relationship,sex,workclass}",5,1.0,1,59,1468704,0,1468704
adult,education,1.0,0.9,10,60,"{hours_per_week,occupation,race,relationship,sex}",5,1.0,14,46,4607363,0,4607363
adult,education,1.0,0.9,10,60,"{hours_per_week,occupation,race,relationship,workclass}",5,1.0,20,40,3921148,0,3921148
adult,education,1.0,0.9,10,60,"{hours_per_week,occupation,race,sex,workclass}",5,0.8146615888344063,32,28,2,2,0
adult,education,1.0,0.9,10,60,"{hours_per_week,occupation,relationship,sex,workclass}",5,1.0,11,49,8815216,0,8815216
adult,education,1.0,0.9,10,60,"{hours_per_week,race,relationship,sex,workclass}",5,1.0,13,47,4630466,0,4630466
adult,education,1.0,0.9,10,60,"{marital_status,occupation,race,relationship,sex}",5,1.0,4,56,1097681,0,1097681
adult,education,1.0,0.9,10,60,"{marital_status,occupation,race,relationship,workclass}",5,1.0,9,51,2002658,0,2002658
adult,education,1.0,0.9,10,60,"{marital_status,occupation,race,sex,workclass}",5,1.0,18,42,254495,1,254494
adult,education,1.0,0.9,10,60,"{marital_status,occupation,relationship,sex,workclass}",5,1.0,3,57,2446775,0,2446775
adult,education,1.0,0.9,10,60,"{marital_status,race,relationship,sex,workclass}",5,1.0,3,57,1306083,0,1306083
adult,education,1.0,0.9,10,60,"{occupation,race,relationship,sex,workclass}",5,0.3045529906899629,17,43,1,1,0
adult,education,1.0,0.9,10,60,"{age,class,education_num,hours_per_week,marital_status,occupation}",6,0.3251322996936217,20,40,1,1,0
adult,education,1.0,0.9,10,60,"{age,class,education_num,hours_per_week,marital_status,race}",6,0.3251322996936217,22,38,1,1,0
adult,education,1.0,0.9,10,60,"{age,class,education_num,hours_per_week,marital_status,relationship}",6,1.0,4,56,23596221,0,23596221
adult,education,1.0,0.9,10,60,"{age,class,education_num,hours_per_week,marital_status,sex}",6,1.0,11,49,75211725,0,75211725
adult,education,1.0,0.9,10,60,"{age,class,education_num,hours_per_week,marital_status,workclass}",6,0.3251322996936217,17,43,1,1,0
adult,education,1.0,0.9,10,60,"{age,class,education_num,hours_per_week,occupation,race}",6,0.9967218537248975,49,11,7,7,0
adult,education,1.0,0.9,10,60,"{age,class,education_num,hours_per_week,occupation,relationship}",6,1.0,18,42,40343828,0,40343828
adult,education,1.0,0.9,10,60,"{age,class,education_num,hours_per_week,occupation,sex}",6,0.9671822541097084,32,28,4,4,0
adult,education,1.0,0.9,10,60,"{age,class,education_num,hours_per_week,occupation,workclass}",6,0.9814866498074863,40,20,5,5,0
adult,education,1.0,0.9,10,60,"{age,class,education_num,hours_per_week,race,relationship}",6,1.0,20,40,23770458,0,23770458
adult,education,1.0,0.9,10,60,"{age,class,education_num,hours_per_week,race,sex}",6,0.9671822541097084,35,25,4,4,0
adult,education,1.0,0.9,10,60,"{age,class,education_num,hours_per_week,race,workclass}",6,0.9814866498074863,39,21,5,5,0
adult,education,1.0,0.9,10,60,"{age,class,education_num,hours_per_week,relationship,sex}",6,1.0,11,49,44002970,0,44002970
adult,education,1.0,0.9,10,60,"{age,class,education_num,hours_per_week,relationship,workclass}",6,1.0,14,46,62854108,0,62854108
adult,education,1.0,0.9,10,60,"{age,class,education_num,hours_per_week,sex,workclass}",6,0.8146615888344063,24,36,2,2,0
adult,education,1.0,0.9,10,60,"{age,class,education_num,marital_status,occupation,race}",6,0.3251322996936217,26,34,1,1,0
adult,education,1.0,0.9,10,60,"{age,class,education_num,marital_status,occupation,relationship}",6,1.0,4,56,19464612,0,19464612
adult,education,1.0,0.9,10,60,"{age,class,education_num,marital_status,occupation,sex}",6,1.0,14,46,69186582,0,69186582
adult,education,1.0,0.9,10,60,"{age,class,education_num,marital_status,occupation,workclass}",6,0.3251322996936217,19,41,1,1,0
adult,education,1.0,0.9,10,60,"{age,class,education_num,marital_status,race,relationship}",6,1.0,6,54,12528658,0,12528658
adult,education,1.0,0.9,10,60,"{age,class,education_num,marital_status,race,sex}",6,1.0,15,45,43602585,0,43602585
adult,education,1.0,0.9,10,60,"{age,class,education_num,marital_status,race,workclass}",6,0.3251322996936217,22,38,1,1,0
adult,education,1.0,0.9,10,60,"{age,class,education_num,marital_status,relationship,sex}",6,0.0,0,60,0,0,0
adult,education,1.0,0.9,10,60,"{age,class,education_num,marital_status,relationship,workclass}",6,1.0,4,56,27458399,0,27458399
adult,education,1.0,0.9,10,60,"{age,class,education_num,marital_status,sex,workclass}",6,1.0,10,50,82177301,0,82177301
adult,education,1.0,0.9,10,60,"{age,class,education_num,occupation,race,relationship}",6,0.2879955435892674,28,32,1,1,0
adult,education,1.0,0.9,10,60,"{age,class,education_num,occupation,race,sex}",6,0.9950919257392631,42,18,6,6,0
adult,education,1.0,0.9,10,60,"{age,class,education_num,occupation,race,workclass}",6,0.9980286210938978,49,11,8,8,0
adult,education,1.0,0.9,10,60,"{age,class,education_num,occupation,relationship,sex}",6,1.0,12,48,42743982,0,42743982
adult,education,1.0,0.9,10,60,"{age,class,education_num,occupation,relationship,workclass}",6,0.2879955435892674,18,42,1,1,0
adult,education,1.0,0.9,10,60,"{age,class,education_num,occupation,sex,workclass}",6,0.972281622009974,31,29,4,4,0
adult,education,1.0,0.9,10,60,"{age,class,education_num,race,relationship,sex}",6,1.0,13,47,26820045,0,26820045
adult,education,1.0,0.9,10,60,"{age,class,education_num,race,relationship,workclass}",6,0.2879955435892674,21,39,1,1,0
adult,education,1.0,0.9,10,60,"{age,class,education_num,race,sex,workclass}",6,0.972281622009974,33,27,4,4,0
adult,education,1.0,0.9,10,60,"{age,class,education_num,relationship,sex,workclass}",6,1.0,9,51,64224266,0,64224266
adult,education,1.0,0.9,10,60,"{age,class,hours_per_week,marital_status,occupation,race}",6,0.3251322996936217,24,36,1,1,0
adult,education,1.0,0.9,10,60,"{age,class,hours_per_week,marital_status,occupation,relationship}",6,1.0,3,57,17667381,0,17667381
adult,education,1.0,0.9,10,60,"{age,class,hours_per_week,marital_status,occupation,sex}",6,1.0,13,47,70174141,0,70174141
adult,education,1.0,0.9,10,60,"{age,class,hours_per_week,marital_status,occupation,workclass}",6,0.3251322996936217,17,43,1,1,0
adult,education,1.0,0.9,10,60,"{age,class,hours_per_week,marital_status,race,relationship}",6,1.0,5,55,12530562,0,12530562
adult,education,1.0,0.9,10,60,"{age,class,hours_per_week,marital_status,race,sex}",6,1.0,14,46,45304746,0,45304746
adult,education,1.0,0.9,10,60,"{age,class,hours_per_week,marital_status,race,workclass}",6,0.3251322996936217,20,40,1,1,0
adult,education,1.0,0.9,10,60,"{age,class,hours_per_week,marital_status,relationship,sex}",6,0.0,0,60,0,0,0
adult,education,1.0,0.9,10,60,"{age,class,hours_per_week,marital_status,relationship,workclass}",6,1.0,4,56,26928589,0,26928589
adult,education,1.0,0.9,10,60,"{age,class,hours_per_week,marital_status,sex,workclass}",6,1.0,10,50,79562450,0,79562450
adult,education,1.0,0.9,10,60,"{age,class,hours_per_week,occupation,race,relationship}",6,1.0,24,36,17374902,0,17374902
adult,education,1.0,0.9,10,60,"{age,class,hours_per_week,occupation,race,sex}",6,0.9671822541097084,37,23,4,4,0
adult,education,1.0,0.9,10,60,"{age,class,hours_per_week,occupation,race,workclass}",6,0.9814866498074863,44,16,5,5,0
adult,education,1.0,0.9,10,60,"{age,class,hours_per_week,occupation,relationship,sex}",6,1.0,12,48,42959742,0,42959742
adult,education,1.0,0.9,10,60,"{age,class,hours_per_week,occupation,relationship,workclass}",6,1.0,16,44,57064141,0,57064141
adult,education,1.0,0.9,10,60,"{age,class,hours_per_week,occupation,sex,workclass}",6,0.8146615888344063,28,32,2,2,0
adult,education,1.0,0.9,10,60,"{age,class,hours_per_week,race,relationship,sex}",6,1.0,13,47,27348036,0,27348036
adult,education,1.0,0.9,10,60,"{age,class,hours_per_week,race,relationship,workclass}",6,1.0,19,41,26642910,0,26642910
adult,education,1.0,0.9,10,60,"{age,class,hours_per_week,race,sex,workclass}",6,0.8146615888344063,30,30,2,2,0
adult,education,1.0,0.9,10,60,"{age,class,hours_per_week,relationship,sex,workclass}",6,1.0,9,51,63591999,0,63591999
adult,education,1.0,0.9,10,60,"{age,class,marital_status,occupation,race,relationship}",6,1.0,6,54,12439001,0,12439001
adult,education,1.0,0.9,10,60,"{age,class,marital_status,occupation,race,sex}",6,1.0,20,40,27570177,0,27570177
adult,education,1.0,0.9,10,60,"{age,class,marital_status,occupation,race,workclass}",6,0.3251322996936217,26,34,1,1,0
adult,education,1.0,0.9,10,60,"{age,class,marital_status,occupation,relationship,sex}",6,0.0,0,60,0,0,0
adult,education,1.0,0.9,10,60,"{age,class,marital_status,occupation,relationship,workclass}",6,1.0,4,56,31951521,0,31951521
